SALE TYPE,SOLD DATE,PROPERTY TYPE,ADDRESS,CITY,STATE OR PROVINCE,ZIP OR POSTAL CODE,PRICE,BEDS,BATHS,LOCATION,SQUARE FEET,LOT SIZE,YEAR BUILT,DAYS ON MARKET,$/SQUARE FEET,HOA/MONTH,STATUS,NEXT OPEN HOUSE START TIME,NEXT OPEN HOUSE END TIME,URL (SEE http://www.redfin.com/buy-a-home/comparative-market-analysis FOR INFO ON PRICING),SOURCE,MLS#,FAVORITE,INTERESTED,LATITUDE,LONGITUDE
PAST SALE,June-25-2002,Single Family Residential,5997 VISTA Loop,San Jose,CA,95124,684900,4,2.5,San Jose,2512,11310,,6553,273,,Sold,,,http://www.redfin.com/CA/San-Jose/5997-Vista-Loop-95124/home/1841382,MLSListings,ML80220032,N,Y,37.2266191,-121.9074415
PAST SALE,December-7-2001,Townhouse,6025 CALLE DE SUERTE #6025,San Jose,CA,95124,443000,3,3.5,MONTANAS DL LAGO,2235,,,6753,198,235,Sold,,,http://www.redfin.com/CA/San-Jose/6025-Calle-De-Suerte-95124/unit-6025/home/113815092,MLSListings,ML80153776,N,Y,37.227289,-121.905759
PAST SALE,March-15-2013,Single Family Residential,1654 CAPITANCILLOS Pl,San Jose,CA,95120,1200000,4,2.5,San Jose,2715,6534,1985,2637,442,,Sold,,,http://www.redfin.com/CA/San-Jose/1654-Capitancillos-Pl-95120/home/921581,MLSListings,ML81303670,N,Y,37.2282969,-121.9026624
PAST SALE,March-2-2000,Single Family Residential,5942 VISTA Loop,San Jose,CA,95124,797000,4,2.0,CUSTOM,2747,8000,,7398,290,,Sold,,,http://www.redfin.com/CA/San-Jose/5942-Vista-Loop-95124/home/864194,MLSListings,ML80001033,N,Y,37.2281981,-121.9089529
PAST SALE,September-1-2010,Townhouse,6094 CALLE DE AMOR,San Jose,CA,95124,483500,2,2.5,San Jose,1490,2300,1977,3563,324,364,Sold,,,http://www.redfin.com/CA/San-Jose/6094-Calle-De-Amor-95124/unit-87/home/1553402,MLSListings,ML81022434,N,Y,37.228713,-121.905797
PAST SALE,November-21-2014,Townhouse,6085 CALLE DE AMOR,San Jose,CA,95124,635000,2,2.5,San Jose,1490,2300,1977,2021,426,375,Sold,,,http://www.redfin.com/CA/San-Jose/6085-Calle-De-Amor-95124/home/1863813,MLSListings,ML81436313,N,Y,37.228313,-121.906426
PAST SALE,November-8-2013,Multi-Family (2-4 Unit),5895 CAMDEN Ave,San Jose,CA,95124,802200,5,3.0,San Jose,2044,9620,1970,2399,392,,Sold,,,http://www.redfin.com/CA/San-Jose/5895-Camden-Ave-95124/home/638052,MLSListings,ML81336164,N,Y,37.229197,-121.904928
PAST SALE,April-23-2018,Condo/Co-op,6024 Calle De Suerte,SAN JOSE,CA,95124,1125000,3,3.5,SAN JOSE,2235,,1975,772,503,410,Sold,,,http://www.redfin.com/CA/San-Jose/6024-Calle-De-Suerte-95124/home/921313,MLSListings,ML81696499,N,Y,37.227434,-121.90538
PAST SALE,November-22-2010,Multi-Family (2-4 Unit),5883 CAMDEN Ave,San Jose,CA,95124,620000,5,3.0,San Jose,2213,8816,1968,3481,280,,Sold,,,http://www.redfin.com/CA/San-Jose/5883-Camden-Ave-95124/home/917881,MLSListings,ML81022772,N,Y,37.2293616,-121.9048852
PAST SALE,June-3-2002,Single Family Residential,1636 HYACINTH Ln,San Jose,CA,95124,529000,3,2.0,San Jose,1286,6200,,6575,411,,Sold,,,http://www.redfin.com/CA/San-Jose/1636-Hyacinth-Ln-95124/home/833531,MLSListings,ML80221531,N,Y,37.2292055,-121.9059077
PAST SALE,June-17-2003,Single Family Residential,6069 RIDING Ct,San Jose,CA,95124,760000,4,2.5,WOODGATE,2361,9200,,6196,322,,Sold,,,http://www.redfin.com/CA/SAN-JOSE/6069-RIDING-CT-95124/home/890387,MLSListings,ML80327872,N,Y,37.226291,-121.906039
PAST SALE,March-13-2020,Single Family Residential,6015 Guadalupe Mines Rd,SAN JOSE,CA,95120,2388888,5,4.5,SAN JOSE,3360,14302,2019,82,711,288,Sold,,,http://www.redfin.com/CA/San-Jose/6015-Guadalupe-Mines-Rd-95120/home/143042302,MLSListings,ML81768926,N,Y,37.2253668,-121.9042987
PAST SALE,December-17-2009,Townhouse,6020 CALLE DE FELICE,San Jose,CA,95124,449000,2,2.0,San Jose,1200,2040,1977,3821,374,364,Sold,,,http://www.redfin.com/CA/San-Jose/6020-Calle-De-Felice-95124/home/1626255,MLSListings,ML80953105,N,Y,37.227032,-121.906394
PAST SALE,September-28-2012,Condo/Co-op,6031 CALLE DE SUERTE,San Jose,CA,95124,502000,3,3.5,San Jose,2235,435,1975,2805,225,375,Sold,,,http://www.redfin.com/CA/San-Jose/6031-Calle-De-Suerte-95124/home/1387491,MLSListings,ML81227340,N,Y,37.227289,-121.905759
PAST SALE,May-17-2000,Townhouse,6032 CALLE DE SUERTE #27,San Jose,CA,95124,429000,3,3.5,MONTANAS DE L.G.,2235,,,7322,192,235,Sold,,,http://www.redfin.com/CA/San-Jose/6032-Calle-De-Suerte-95124/unit-27/home/113812058,MLSListings,ML80014280,N,Y,37.227434,-121.90538
PAST SALE,August-28-2003,Single Family Residential,1664 GLENROCK Ct,San Jose,CA,95124,780000,5,3.0,San Jose,2728,10800,,6124,286,,Sold,,,http://www.redfin.com/CA/San-Jose/1664-Glenrock-Ct-95124/home/1131810,MLSListings,ML80337737,N,Y,37.2283047,-121.9085973
PAST SALE,,Condo/Co-op,6052 Calle De Rico,San Jose,CA,95124,125000,2,2.0,,1200,,1975,,104,,,,,http://www.redfin.com/CA/San-Jose/6052-Calle-De-Rico-95124/home/1730395,,,N,Y,37.2277525,-121.9046063
PAST SALE,November-3-2014,Townhouse,6033 CALLE DE SUERTE,San Jose,CA,95124,730000,3,3.5,Montanas De Los Gatos,2235,,1975,2039,327,375,Sold,,,http://www.redfin.com/CA/San-Jose/6033-Calle-De-Suerte-95124/home/1553392,MLSListings,ML81436049,N,Y,37.227289,-121.905759
PAST SALE,May-22-2007,Single Family Residential,5989 HOSTA Ln,San Jose,CA,95124,1050000,3,2.0,San Jose,1794,12632,1975,4761,585,,Sold,,,http://www.redfin.com/CA/San-Jose/5989-Hosta-Ln-95124/home/1687582,MLSListings,ML80720372,N,Y,37.2273439,-121.907597
PAST SALE,February-20-2020,Townhouse,6093 Calle De Amor,SAN JOSE,CA,95124,925000,2,2.5,SAN JOSE,1490,12273,1977,104,621,420,Sold,,,http://www.redfin.com/CA/San-Jose/6093-Calle-De-Amor-95124/home/833545,MLSListings,ML81776244,N,Y,37.2287351,-121.9064688
PAST SALE,December-11-2017,Townhouse,6016 Calle De Felice,SAN JOSE,CA,95124,965000,2,2.5,SAN JOSE,1360,1220,1977,905,710,400,Sold,,,http://www.redfin.com/CA/San-Jose/6016-Calle-De-Felice-95124/home/1743511,MLSListings,ML81683989,N,Y,37.227032,-121.906394
PAST SALE,April-24-2018,Condo/Co-op,6054 Calle De Rico,SAN JOSE,CA,95124,917000,2,2.5,SAN JOSE,1360,,1975,771,674,410,Sold,,,http://www.redfin.com/CA/San-Jose/6054-Calle-De-Rico-95124/home/920123,MLSListings,ML81697111,N,Y,37.227768,-121.9046462
PAST SALE,November-8-2007,Single Family Residential,1652 HYACINTH Ln,San Jose,CA,95124,641000,3,2.0,San Jose,1176,7242,1963,4591,545,,Sold,,,http://www.redfin.com/CA/San-Jose/1652-Hyacinth-Ln-95124/home/1605638,MLSListings,ML80758066,N,Y,37.2291795,-121.9073748
PAST SALE,July-15-2011,Townhouse,6072 CALLE DE PROSPERO,San Jose,CA,95124,558000,3,5.5,San Jose,2235,2300,1977,3246,250,365,Sold,,,http://www.redfin.com/CA/San-Jose/6072-Calle-De-Prospero-95124/home/890409,MLSListings,ML81119020,N,Y,37.227843,-121.906585
PAST SALE,May-17-2002,Single Family Residential,5888 IXIAS Ln,San Jose,CA,95124,485000,3,1.5,San Jose,1150,6970,,6592,422,,Sold,,,http://www.redfin.com/CA/San-Jose/5888-Ixias-Ln-95124/home/717295,MLSListings,ML80214635,N,Y,37.2294055,-121.9052409
PAST SALE,August-17-2012,Single Family Residential,5959 HOSTA Ln,San Jose,CA,95124,805000,4,2.0,San Jose,2134,13122,1975,2847,377,,Sold,,,http://www.redfin.com/CA/San-Jose/5959-Hosta-Ln-95124/home/1490458,MLSListings,ML81218802,N,Y,37.2277446,-121.9076415
PAST SALE,,Single Family Residential,5939 VISTA LOOP,SAN JOSE,CA,95124,320000,4,3.0,,2336,7867,1981,,137,,,,,http://www.redfin.com/CA/SAN-JOSE/5939-VISTA-LOOP-95124/home/917845,,,N,Y,37.228499,-121.909531
PAST SALE,,Single Family Residential,6077 RIDING CT,SAN JOSE,CA,95124,73500,4,2.0,,2040,8220,1976,,36,,,,,http://www.redfin.com/CA/SAN-JOSE/6077-RIDING-CT-95124/home/921325,,,N,Y,37.226259,-121.906388
PAST SALE,,Single Family Residential,6070 RIDING CT,SAN JOSE,CA,95124,280500,4,3.0,,2361,6078,1976,,119,,,,,http://www.redfin.com/CA/SAN-JOSE/6070-RIDING-CT-95124/home/1692238,,,N,Y,37.226538,-121.905653
PAST SALE,,Single Family Residential,6072 MARLA CT,SAN JOSE,CA,95124,377500,4,2.0,,2040,7805,1976,,185,,,,,http://www.redfin.com/CA/SAN-JOSE/6072-MARLA-CT-95124/home/864213,,,N,Y,37.226665,-121.904759
PAST SALE,,Single Family Residential,5927 VISTA LOOP,SAN JOSE,CA,95124,235000,4,3.0,,2587,7351,1981,,91,,,,,http://www.redfin.com/CA/SAN-JOSE/5927-VISTA-LOOP-95124/home/1692141,,,N,Y,37.229168,-121.909517
PAST SALE,August-7-2003,Single Family Residential,5935 VISTA Loop,San Jose,CA,95124,722000,3,2.5,San Jose,2555,8280,,6145,283,,Sold,,,http://www.redfin.com/CA/San-Jose/5935-Vista-Loop-95124/home/1584868,MLSListings,ML80333673,N,Y,37.2287155,-121.9094864
PAST SALE,January-10-2003,Condo/Co-op,6041 CALLE DE RICO,San Jose,CA,95124,435000,3,3.5,MONTANAS DE LG,2235,,,6354,195,240,Sold,,,http://www.redfin.com/CA/San-Jose/6041-Calle-De-Rico-95124/home/1639282,MLSListings,ML80249314,N,Y,37.228744,-121.905319
PAST SALE,,Condo/Co-op,6056 Calle De Rico,San Jose,CA,95124,163000,2,3.0,,1360,,1975,,120,,,,,http://www.redfin.com/CA/San-Jose/6056-Calle-De-Rico-95124/home/1617496,,,N,Y,37.2276992,-121.9046159
PAST SALE,,Condo/Co-op,6057 Calle De Rico,San Jose,CA,95124,48000,2,3.0,,1360,,1975,,35,,,,,http://www.redfin.com/CA/San-Jose/6057-Calle-De-Rico-95124/home/1538673,,,N,Y,37.2276776,-121.9050341
PAST SALE,,Single Family Residential,6027 Guadalupe Mines Rd,San Jose,CA,95120,2400000,5,4.5,,3501,10071,2020,,686,,,,,http://www.redfin.com/CA/San-Jose/6027-Guadalupe-Mines-Rd-95120/home/143042300,,,N,Y,37.2250811,-121.9047274
PAST SALE,,Condo/Co-op,6005 Calle De Felice,San Jose,CA,95124,56000,2,3.0,,1360,,1977,,41,,,,,http://www.redfin.com/CA/San-Jose/6005-Calle-De-Felice-95124/home/614752,,,N,Y,37.227454,-121.906922
PAST SALE,October-31-2003,Single Family Residential,5943 VISTA Loop,San Jose,CA,95124,800000,4,2.5,San Jose,2336,8165,1990,6060,342,,Sold,,,http://www.redfin.com/CA/San-Jose/5943-Vista-Loop-95124/home/917853,MLSListings,ML80354689,N,Y,37.2283391,-121.9094864
PAST SALE,September-6-2002,Single Family Residential,6071 MARLA Ct,San Jose,CA,95124,710000,4,2.5,WOODGATE,2361,6300,,6480,301,,Sold,,,http://www.redfin.com/CA/San-Jose/6071-Marla-Ct-95124/home/638149,MLSListings,ML80230145,N,Y,37.2265318,-121.9052853
PAST SALE,May-18-2018,Single Family Residential,6082 Riding Ct,SAN JOSE,CA,95124,1750000,4,2.0,SAN JOSE,2570,11591,1976,747,681,,Sold,,,http://www.redfin.com/CA/SAN-JOSE/6082-RIDING-CT-95124/home/1767547,MLSListings,ML81698964,N,Y,37.225936,-121.905814
PAST SALE,April-29-2014,Townhouse,6043 CALLE DE RICO,San Jose,CA,95124,720000,3,3.5,San Jose,2235,1840,1975,2227,322,375,Sold,,,http://www.redfin.com/CA/San-Jose/6043-Calle-De-Rico-95124/home/1756614,MLSListings,ML81408501,N,Y,37.228744,-121.905319
PAST SALE,May-1-2008,Townhouse,6048 CALLE DE RICO,San Jose,CA,95124,539000,2,2.5,Mtns De Los Gatos,1360,1220,1975,4416,396,338,Sold,,,http://www.redfin.com/CA/San-Jose/6048-Calle-De-Rico-95124/home/921299,MLSListings,ML80764134,N,Y,37.2282087,-121.9048148
PAST SALE,May-31-2004,Single Family Residential,1627 MAESUMI Ct,San Jose,CA,95124,870000,4,2.5,San Jose,2805,4358,2010,5847,310,,Sold,,,http://www.redfin.com/CA/San-Jose/1627-Maesumi-Ct-95124/home/1408294,MLSListings,ML80376669,N,Y,37.2268929,-121.904518
PAST SALE,January-9-2018,Townhouse,6021 Calle De Felice,SAN JOSE,CA,95124,1100000,3,3.5,SAN JOSE,2235,2300,1977,876,492,410,Sold,,,http://www.redfin.com/CA/San-Jose/6021-Calle-De-Felice-95124/home/1479559,MLSListings,ML81686308,N,Y,37.227362,-121.906326
PAST SALE,March-25-2005,Single Family Residential,5985 VISTA Loop,San Jose,CA,95124,1210000,5,4.0,San Jose,2768,18730,1982,5549,437,,Sold,,,http://www.redfin.com/CA/San-Jose/5985-Vista-Loop-95124/home/1066098,MLSListings,ML80508739,N,Y,37.2265175,-121.9082194
PAST SALE,October-1-2008,Single Family Residential,5956 VISTA Loop,San Jose,CA,95124,1230000,4,3.0,San Jose,2969,8100,1981,4263,414,,Sold,,,http://www.redfin.com/CA/San-Jose/5956-Vista-Loop-95124/home/1850966,MLSListings,ML80824576,N,Y,37.2277464,-121.9089529
PAST SALE,January-28-2005,Townhouse,6028 CALLE DE SUERTE,San Jose,CA,95124,625000,3,3.5,MONTANAS DE LG,2235,,1989,5605,280,310,Sold,,,http://www.redfin.com/CA/San-Jose/6028-Calle-De-Suerte-95124/home/804942,MLSListings,ML80500058,N,Y,37.227434,-121.90538
PAST SALE,,Condo/Co-op,6083 Calle De Amor,San Jose,CA,95124,158500,2,3.0,,1490,,1977,,106,,,,,http://www.redfin.com/CA/San-Jose/6083-Calle-De-Amor-95124/home/1285599,,,N,Y,37.228313,-121.906426
PAST SALE,August-12-2008,Townhouse,6070 CALLE DE PROSPERO,San Jose,CA,95124,610000,3,3.5,San Jose,2235,2300,1977,4313,273,350,Sold,,,http://www.redfin.com/CA/San-Jose/6070-Calle-De-Prospero-95124/home/1154710,MLSListings,ML80807729,N,Y,37.227843,-121.906585
PAST SALE,,Single Family Residential,5912 Hosta Ln,San Jose,CA,95124,360000,3,3.0,,2745,11486,1971,,131,,,,,http://www.redfin.com/CA/San-Jose/5912-Hosta-Ln-95124/home/703414,,,N,Y,37.2288867,-121.906908
PAST SALE,August-31-2005,Single Family Residential,6086 RIDING Ct,San Jose,CA,95124,970000,4,2.5,San Jose,2361,6534,1982,5390,411,,Sold,,,http://www.redfin.com/CA/San-Jose/6086-Riding-Ct-95124/home/1744290,MLSListings,ML80541995,N,Y,37.225936,-121.906295
PAST SALE,June-13-2002,Townhouse,6018 CALLE DE FELICE,San Jose,CA,95124,410000,2,2.5,MONTANAS DE L.G.,1360,871,,6565,301,234,Sold,,,http://www.redfin.com/CA/San-Jose/6018-Calle-De-Felice-95124/home/1110116,MLSListings,ML80217163,N,Y,37.227032,-121.906394
PAST SALE,February-6-2006,Single Family Residential,5962 VISTA Loop,San Jose,CA,95124,1360000,5,4.0,Custom,4548,23087,1986,5231,299,,Sold,,,http://www.redfin.com/CA/San-Jose/5962-Vista-Loop-95124/home/917833,MLSListings,ML80571145,N,Y,37.2275179,-121.9083972
PAST SALE,,Single Family Residential,5990 Vista Loop,San Jose,CA,95124,62500,4,3.0,,2499,12737,1973,,25,,,,,http://www.redfin.com/CA/San-Jose/5990-Vista-Loop-95124/home/918071,,,N,Y,37.2270126,-121.907886
PAST SALE,,Single Family Residential,5961 Vista Loop,San Jose,CA,95124,335000,4,3.0,,2520,11428,1967,,133,,,,,http://www.redfin.com/CA/San-Jose/5961-Vista-Loop-95124/home/1330092,,,N,Y,37.2275233,-121.9095086
PAST SALE,,Single Family Residential,5965 Vista Loop,San Jose,CA,95124,71000,4,3.0,,2132,14540,1974,,33,,,,,http://www.redfin.com/CA/San-Jose/5965-Vista-Loop-95124/home/1678373,,,N,Y,37.2272865,-121.9094197
PAST SALE,,Single Family Residential,5989 Vista Loop,San Jose,CA,95124,190000,3,3.0,,2346,14595,1974,,81,,,,,http://www.redfin.com/CA/San-Jose/5989-Vista-Loop-95124/home/601914,,,N,Y,37.2265077,-121.9080638
PAST SALE,,Single Family Residential,1663 Glenrock Ct,San Jose,CA,95124,257000,4,3.0,,2748,8244,1981,,94,,,,,http://www.redfin.com/CA/San-Jose/1663-Glenrock-Ct-95124/home/1192015,,,N,Y,37.2289336,-121.9085084
PAST SALE,,Single Family Residential,5931 Vista Loop,San Jose,CA,95124,258000,4,3.0,,2336,8020,1981,,110,,,,,http://www.redfin.com/CA/San-Jose/5931-Vista-Loop-95124/home/918077,,,N,Y,37.2289413,-121.9094864
PAST SALE,,Single Family Residential,1644 Hyacinth Ln,San Jose,CA,95124,28500,3,2.0,,1286,6154,1963,,22,,,,,http://www.redfin.com/CA/San-Jose/1644-Hyacinth-Ln-95124/home/917867,,,N,Y,37.2292203,-121.9064857
PAST SALE,,Single Family Residential,1515 Monteval Pl,San Jose,CA,95120,280000,4,3.0,,2445,8111,1979,,115,,,,,http://www.redfin.com/CA/San-Jose/1515-Monteval-Pl-95120/home/1369874,,,N,Y,37.2281923,-121.9021956
PAST SALE,,Single Family Residential,6064 Riding Ct,San Jose,CA,95124,339182,3,2.0,,1802,6458,1976,,188,,,,,http://www.redfin.com/CA/San-Jose/6064-Riding-Ct-95124/home/1431925,,,N,Y,37.2267494,-121.9057521
PAST SALE,,Single Family Residential,1615 Maesumi Ct,San Jose,CA,95124,830000,4,4.0,,2525,4071,2003,,329,,,,,http://www.redfin.com/CA/San-Jose/1615-Maesumi-Ct-95124/home/559039,,,N,Y,37.2271085,-121.9048188
PAST SALE,,Condo/Co-op,6063 Calle De Prospero,San Jose,CA,95124,72800,2,4.0,,2235,,1977,,33,,,,,http://www.redfin.com/CA/San-Jose/6063-Calle-De-Prospero-95124/home/1192136,,,N,Y,37.227832,-121.906969
PAST SALE,,Single Family Residential,1579 Oak Canyon Dr,San Jose,CA,95120,475000,4,3.0,,2725,8553,1985,,174,,,,,http://www.redfin.com/CA/San-Jose/1579-Oak-Canyon-Dr-95120/home/1650316,,,N,Y,37.2292947,-121.9022845
PAST SALE,,Single Family Residential,1632 Capitancillos Dr,San Jose,CA,95120,432000,4,3.0,,2665,7389,1985,,162,,,,,http://www.redfin.com/CA/San-Jose/1632-Capitancillos-Dr-95120/home/921461,,,N,Y,37.2294794,-121.9024845
PAST SALE,,Condo/Co-op,6030 Calle De Suerte,San Jose,CA,95124,530000,3,4.0,,2235,,1975,,237,,,,,http://www.redfin.com/CA/San-Jose/6030-Calle-De-Suerte-95124/home/1677522,,,N,Y,37.227434,-121.90538
PAST SALE,July-18-2008,Single Family Residential,1632 HYACINTH Ln,San Jose,CA,95124,700000,3,2.0,San Jose,1300,6500,1963,4338,538,,Sold,,,http://www.redfin.com/CA/San-Jose/1632-Hyacinth-Ln-95124/home/1405859,MLSListings,ML80811578,N,Y,37.2291969,-121.9056854
PAST SALE,,Single Family Residential,1648 Hyacinth Ln,San Jose,CA,95124,988000,4,2.0,,1282,6936,1963,,771,,,,,http://www.redfin.com/CA/San-Jose/1648-Hyacinth-Ln-95124/home/1373990,,,N,Y,37.2291878,-121.906908
PAST SALE,February-21-2007,Condo/Co-op,6081 CALLE DE AMOR,San Jose,CA,95124,579900,2,2.5,San Jose,1490,,1986,4851,389,310,Sold,,,http://www.redfin.com/CA/San-Jose/6081-Calle-De-Amor-95124/home/1635796,MLSListings,ML80657858,N,Y,37.228313,-121.906426
PAST SALE,December-1-2000,Townhouse,6002 CALLE DE FELICE,San Jose,CA,95124,470000,2,2.0,MONTANAS DE LG,1200,,2000,7124,392,235,Sold,,,http://www.redfin.com/CA/San-Jose/6002-Calle-De-Felice-95124/home/1863795,MLSListings,ML80045576,N,Y,37.227165,-121.906941
PAST SALE,July-14-2000,Townhouse,6036 CALLE DE RICO,San Jose,CA,95124,375000,2,2.0,MONTANAS DE LG,1200,2040,,7264,313,235,Sold,,,http://www.redfin.com/CA/San-Jose/6036-Calle-De-Rico-95124/home/1666105,MLSListings,ML80019617,N,Y,37.2286687,-121.9049361
PAST SALE,July-31-2001,Townhouse,6068 CALLE DE PROSPERO,San Jose,CA,95124,428000,3,3.5,MONTANAS DE L.G.,2235,,,6882,191,284,Sold,,,http://www.redfin.com/CA/San-Jose/6068-Calle-De-Prospero-95124/home/1434988,MLSListings,ML80130058,N,Y,37.227843,-121.906585
PAST SALE,,Single Family Residential,16743 Hicks Rd,Los Gatos,CA,95032,900000,2,3.0,,1275,52552,1978,,706,,,,,http://www.redfin.com/CA/Los-Gatos/16743-Hicks-Rd-95032/home/917897,,,N,Y,37.2259224,-121.9078193
PAST SALE,,Condo/Co-op,6040 Calle De Rico,San Jose,CA,95124,210000,2,3.0,,1360,,1975,,154,,,,,http://www.redfin.com/CA/San-Jose/6040-Calle-De-Rico-95124/home/920117,,,N,Y,37.2287481,-121.9049287
PAST SALE,September-22-2005,Single Family Residential,16751 HICKS Rd,Los Gatos,CA,95032,800000,2,1.5,Los Gatos,1024,66646,1953,5368,781,,Sold,,,http://www.redfin.com/CA/Los-Gatos/16751-Hicks-Rd-95032/home/1469191,MLSListings,ML80535837,N,Y,37.2252716,-121.9077304
PAST SALE,July-6-2009,Single Family Residential,6074 RIDING Ct,San Jose,CA,95124,910000,4,2.5,woodgate,2430,6110,1976,3985,374,,Sold,,,http://www.redfin.com/CA/SAN-JOSE/6074-RIDING-CT-95124/home/1519609,MLSListings,ML80920162,N,Y,37.226372,-121.905548
PAST SALE,,Condo/Co-op,6084 Calle De Amor,San Jose,CA,95124,469500,2,4.0,,2235,,1977,,210,,,,,http://www.redfin.com/CA/San-Jose/6084-Calle-De-Amor-95124/home/921367,,,N,Y,37.228328,-121.905867
PAST SALE,September-15-2016,Condo/Co-op,6086 Calle De Amor,SAN JOSE,CA,95124,830000,3,3.5,SAN JOSE,2235,2299,1977,1357,371,390,Sold,,,http://www.redfin.com/CA/San-Jose/6086-Calle-De-Amor-95124/home/921380,MLSListings,ML81590650,N,Y,37.228328,-121.905867
PAST SALE,October-9-2003,Single Family Residential,6075 MARLA Ct,San Jose,CA,95124,790000,4,2.5,San Jose,2430,9768,1984,6082,325,,Sold,,,http://www.redfin.com/CA/San-Jose/6075-Marla-Ct-95124/home/920165,MLSListings,ML80346518,N,Y,37.2263217,-121.9051075
PAST SALE,,Condo/Co-op,6017 Calle De Felice,San Jose,CA,95124,780000,3,4.0,,2235,,1977,,349,,,,,http://www.redfin.com/CA/San-Jose/6017-Calle-De-Felice-95124/home/1582928,,,N,Y,37.227362,-121.906326
PAST SALE,September-30-2002,Single Family Residential,1656 HYACINTH Ln,San Jose,CA,95124,530000,3,2.0,San Jose,1286,9916,,6456,412,,Sold,,,http://www.redfin.com/CA/San-Jose/1656-Hyacinth-Ln-95124/home/614661,MLSListings,ML80244397,N,Y,37.229272,-121.9078193
PAST SALE,February-2-2018,Condo/Co-op,6015 Calle de Felice,SAN JOSE,CA,95124,1155000,3,3.5,SAN JOSE,2235,2305,1977,852,517,410,Sold,,,http://www.redfin.com/CA/San-Jose/6015-Calle-De-Felice-95124/home/920181,MLSListings,ML81688273,N,Y,37.227362,-121.906326
PAST SALE,September-18-2017,Townhouse,6089 Calle De Amor,SAN JOSE,CA,95124,802000,2,2.5,SAN JOSE,1490,2300,1977,989,538,400,Sold,,,http://www.redfin.com/CA/San-Jose/6089-Calle-De-Amor-95124/home/1582937,MLSListings,ML81672476,N,Y,37.228719,-121.906212
PAST SALE,October-26-2011,Single Family Residential,1660 HYACINTH Ln,San Jose,CA,95124,850000,3,2.5,San Jose,2187,9216,1963,3143,389,,Sold,,,http://www.redfin.com/CA/San-Jose/1660-Hyacinth-Ln-95124/home/653835,MLSListings,ML81141597,N,Y,37.2294918,-121.9081527
PAST SALE,,Condo/Co-op,6099 Calle De Amor,San Jose,CA,95124,161500,2,3.0,,1490,,1977,,108,,,,,http://www.redfin.com/CA/San-Jose/6099-Calle-De-Amor-95124/home/696437,,,N,Y,37.228719,-121.906212
PAST SALE,July-27-2010,Single Family Residential,5950 VISTA Loop,San Jose,CA,95124,899000,4,2.5,San Jose,2336,8050,1981,3599,385,,Sold,,,http://www.redfin.com/CA/San-Jose/5950-Vista-Loop-95124/home/917837,MLSListings,ML81027796,N,Y,37.228022,-121.9089752
PAST SALE,March-9-2018,Condo/Co-op,6032 Calle de Suerte,SAN JOSE,CA,95124,1300000,3,3.5,SAN JOSE,2235,435,1975,817,582,410,Sold,,,http://www.redfin.com/CA/San-Jose/6032-Calle-De-Suerte-95124/home/1288788,MLSListings,ML81691197,N,Y,37.227434,-121.90538
PAST SALE,January-20-2006,Single Family Residential,5975 VISTA Loop,San Jose,CA,95124,1050000,4,3.0,San Jose,2300,12632,1975,5248,457,,Sold,,,http://www.redfin.com/CA/San-Jose/5975-Vista-Loop-95124/home/1442425,MLSListings,ML80556212,N,Y,37.2269063,-121.9089307
PAST SALE,January-18-2014,Townhouse,6042 CALLE DE RICO,San Jose,CA,95124,565000,2,2.0,San Jose,1200,2040,1975,2328,471,375,Sold,,,http://www.redfin.com/CA/San-Jose/6042-Calle-De-Rico-95124/home/920958,MLSListings,ML81342510,N,Y,37.228707,-121.904916
PAST SALE,,Single Family Residential,1667 Glenrock Ct,San Jose,CA,95124,1925000,4,3.0,,3414,7443,1981,,564,,,,,http://www.redfin.com/CA/San-Jose/1667-Glenrock-Ct-95124/home/833529,,,N,Y,37.2289288,-121.9087751
PAST SALE,,Condo/Co-op,6045 Calle De Rico,San Jose,CA,95124,59900,2,3.0,,2235,,1975,,27,,,,,http://www.redfin.com/CA/San-Jose/6045-Calle-De-Rico-95124/home/1285586,,,N,Y,37.2287305,-121.9053182
PAST SALE,December-23-2009,Single Family Residential,5974 VISTA Loop,San Jose,CA,95124,899000,4,3.0,San Jose,2349,9230,1971,3815,383,,Sold,,,http://www.redfin.com/CA/San-Jose/5974-Vista-Loop-95124/home/1220182,MLSListings,ML80928816,N,Y,37.2272995,-121.9086862
PAST SALE,June-22-1999,Single Family Residential,5994 VISTA Loop,San Jose,CA,95124,530000,5,2.5,CUSTOM,2184,9583,,7652,243,,Sold,,,http://www.redfin.com/CA/San-Jose/5994-Vista-Loop-95124/home/917831,MLSListings,ML89920642,N,Y,37.2270805,-121.907597
PAST SALE,January-15-2002,Single Family Residential,1668 GLENROCK Ct,San Jose,CA,95124,655000,5,3.0,San Jose,2728,7140,,6714,240,,Sold,,,http://www.redfin.com/CA/San-Jose/1668-Glenrock-Ct-95124/home/917839,MLSListings,ML80152271,N,Y,37.2284651,-121.9087529
PAST SALE,January-10-2014,Townhouse,6006 CALLE DE FELICE,San Jose,CA,95124,605000,2,2.5,San Jose,1360,1220,1977,2336,445,,Sold,,,http://www.redfin.com/CA/San-Jose/6006-Calle-De-Felice-95124/home/920211,MLSListings,ML81343426,N,Y,37.227165,-121.906941
PAST SALE,June-11-2018,Condo/Co-op,6091 Calle De Amor,SAN JOSE,CA,95124,960000,2,2.5,SAN JOSE,1490,2300,1977,723,644,410,Sold,,,http://www.redfin.com/CA/San-Jose/6091-Calle-De-Amor-95124/home/573210,MLSListings,ML81702175,N,Y,37.228719,-121.906212
PAST SALE,August-17-2017,Single Family Residential,1644 Capitancillos Pl,SAN JOSE,CA,95120,1550000,4,3.0,SAN JOSE,2665,8346,1985,1021,582,,Sold,,,http://www.redfin.com/CA/San-Jose/1644-Capitancillos-Pl-95120/home/1626261,MLSListings,ML81654936,N,Y,37.22866,-121.9027068
PAST SALE,March-6-2019,Townhouse,6013 Calle De Felice,SAN JOSE,CA,95124,1140000,3,3.5,SAN JOSE,2235,2300,1977,455,510,420,Sold,,,http://www.redfin.com/CA/San-Jose/6013-Calle-De-Felice-95124/home/920190,MLSListings,ML81735717,N,Y,37.227454,-121.906922
PAST SALE,,Condo/Co-op,6035 Calle De Suerte,San Jose,CA,95124,61900,2,3.0,,2235,,1975,,28,,,,,http://www.redfin.com/CA/San-Jose/6035-Calle-De-Suerte-95124/home/920154,,,N,Y,37.227289,-121.905759
PAST SALE,June-28-2002,Single Family Residential,1638 HYACINTH Ln,San Jose,CA,95124,703000,4,3.0,"MAY 22,2202",2423,6000,,6550,290,,Sold,,,http://www.redfin.com/CA/San-Jose/1638-Hyacinth-Ln-95124/home/1823870,MLSListings,ML80224404,N,Y,37.2291898,-121.9060855
PAST SALE,May-20-2020,Condo/Co-op,6023 Calle De Felice,SAN JOSE,CA,95124,1075000,3,3.5,SAN JOSE,2235,2300,1977,14,481,435,Sold,,,http://www.redfin.com/CA/San-Jose/6023-Calle-De-Felice-95124/home/1348638,MLSListings,ML81786541,N,Y,37.227362,-121.906326
PAST SALE,March-7-2008,Single Family Residential,1656 GLENROCK Ct,San Jose,CA,95124,1200000,4,2.0,VISTA KNOLLS,2747,10018,1981,4471,437,,Sold,,,http://www.redfin.com/CA/San-Jose/1656-Glenrock-Ct-95124/home/1122901,MLSListings,ML80752737,N,Y,37.2283361,-121.9082417
PAST SALE,November-16-2006,Townhouse,6080 CALLE DE AMOR,San Jose,CA,95124,680000,3,3.5,San Jose,2235,2178,1986,4948,304,310,Sold,,,http://www.redfin.com/CA/San-Jose/6080-Calle-De-Amor-95124/home/1700335,MLSListings,ML80648737,N,Y,37.228008,-121.90608
PAST SALE,August-26-2003,Townhouse,6064 CALLE DE PROSPERO,San Jose,CA,95124,480000,3,3.5,MONTANAS DE L G,2235,2300,,6126,215,288,Sold,,,http://www.redfin.com/CA/San-Jose/6064-Calle-De-Prospero-95124/home/920196,MLSListings,ML80343563,N,Y,37.227843,-121.906585
PAST SALE,December-3-2019,Townhouse,6078 Calle De Amor,SAN JOSE,CA,95124,1100000,3,3.5,SAN JOSE,2235,8886,1977,183,492,420,Sold,,,http://www.redfin.com/CA/San-Jose/6078-Calle-De-Amor-95124/home/921357,MLSListings,ML81771855,N,Y,37.228008,-121.90608
PAST SALE,,Single Family Residential,1642 Hyacinth Ln,San Jose,CA,95124,277500,4,2.0,,1282,6287,1963,,216,,,,,http://www.redfin.com/CA/San-Jose/1642-Hyacinth-Ln-95124/home/1779883,,,N,Y,37.2292117,-121.9062634
PAST SALE,,Condo/Co-op,6026 Calle De Suerte,San Jose,CA,95124,235000,3,4.0,,2235,,1975,,105,,,,,http://www.redfin.com/CA/San-Jose/6026-Calle-De-Suerte-95124/home/921320,,,N,Y,37.227434,-121.90538
PAST SALE,April-29-2005,Townhouse,6029 CALLE DE SUERTE,San Jose,CA,95124,600000,2,3.5,San Jose,2235,,1986,5514,268,310,Sold,,,http://www.redfin.com/CA/San-Jose/6029-Calle-De-Suerte-95124/home/1556613,MLSListings,ML80517030,N,Y,37.227289,-121.905759
PAST SALE,October-3-2003,Single Family Residential,1636 CAPITANCILLOS Dr,San Jose,CA,95120,882500,5,3.0,OAK CANYON,2924,6534,,6088,302,,Sold,,,http://www.redfin.com/CA/San-Jose/1636-Capitancillos-Dr-95120/home/1678416,MLSListings,ML80341006,N,Y,37.2293265,-121.9026179
PAST SALE,September-18-2009,Condo/Co-op,6059 CALLE DE RICO,San Jose,CA,95124,430000,2,2.0,San Jose,1200,435,1975,3911,358,364,Sold,,,http://www.redfin.com/CA/San-Jose/6059-Calle-De-Rico-95124/home/1841425,MLSListings,ML80934093,N,Y,37.2275994,-121.904959
PAST SALE,,Single Family Residential,5981 Vista Loop,San Jose,CA,95124,530000,4,3.0,,2575,22725,,,206,,,,,http://www.redfin.com/CA/San-Jose/5981-Vista-Loop-95124/home/717290,,,N,Y,37.2266002,-121.9085084
PAST SALE,,Single Family Residential,1511 Monteval Pl,San Jose,CA,95120,489000,4,3.0,,2156,9264,1979,,227,,,,,http://www.redfin.com/CA/San-Jose/1511-Monteval-Pl-95120/home/1091235,,,N,Y,37.2284412,-121.9023067
PAST SALE,,Single Family Residential,1668 Capitancillos Pl,San Jose,CA,95120,407500,4,3.0,,3217,8180,1985,,127,,,,,http://www.redfin.com/CA/San-Jose/1668-Capitancillos-Pl-95120/home/1241645,,,N,Y,37.2275368,-121.9023734
PAST SALE,June-10-2005,Townhouse,6025 CALLE DE SUERTE,San Jose,CA,95124,685000,3,3.5,San Jose,2235,,1986,5472,306,310,Sold,,,http://www.redfin.com/CA/San-Jose/6025-Calle-De-Suerte-95124/home/1609405,MLSListings,ML80522896,N,Y,37.227289,-121.905759
PAST SALE,,Single Family Residential,1610 Maesumi Ct,San Jose,CA,95124,815000,4,4.0,,2525,6932,2003,,323,,,,,http://www.redfin.com/CA/San-Jose/1610-Maesumi-Ct-95124/home/791269,,,N,Y,37.2272399,-121.9044182
PAST SALE,December-19-2002,Townhouse,6065 CALLE DE PROSPERO,San Jose,CA,95124,452500,3,3.5,San Jose,2235,,2000,6376,202,240,Sold,,,http://www.redfin.com/CA/San-Jose/6065-Calle-De-Prospero-95124/home/1677535,MLSListings,ML80244666,N,Y,37.227832,-121.906969
PAST SALE,,Condo/Co-op,6071 Calle De Prospero,San Jose,CA,95124,85700,2,4.0,,2235,,1977,,38,,,,,http://www.redfin.com/CA/San-Jose/6071-Calle-De-Prospero-95124/home/1241637,,,N,Y,37.227832,-121.906969
PAST SALE,November-26-2014,Townhouse,6091 CALLE DE AMOR Unit A,San Jose,CA,95124,615000,2,2.5,San Jose,1490,2300,1977,2016,413,374,Sold,,,http://www.redfin.com/CA/San-Jose/6091-Calle-De-Amor-95124/unit-A/home/105498065,MLSListings,ML81433861,N,Y,37.228719,-121.906212
PAST SALE,,Single Family Residential,1656 Capitancillos Pl,San Jose,CA,95120,532500,5,3.0,,2924,7355,1985,,182,,,,,http://www.redfin.com/CA/San-Jose/1656-Capitancillos-Pl-95120/home/1544518,,,N,Y,37.2280978,-121.9025734
PAST SALE,June-18-2007,Townhouse,6092 CALLE DE AMOR,San Jose,CA,95124,590000,2,2.5,San Jose,1490,2178,1985,4734,396,330,Sold,,,http://www.redfin.com/CA/San-Jose/6092-Calle-De-Amor-95124/home/1570596,MLSListings,ML80718271,N,Y,37.228713,-121.905797
PAST SALE,June-25-1998,Single Family Residential,6062 MARLA Ct,San Jose,CA,95124,410000,3,2.0,WOODGATE,1802,6486,,8014,228,,Sold,,,http://www.redfin.com/CA/San-Jose/6062-Marla-Ct-95124/home/1310925,MLSListings,ML89820498,N,Y,37.227038,-121.9050408
PAST SALE,,Single Family Residential,1660 Capitancillos Pl,San Jose,CA,95120,435000,3,3.0,,2715,7283,1985,,160,,,,,http://www.redfin.com/CA/San-Jose/1660-Capitancillos-Pl-95120/home/921573,,,N,Y,37.2279351,-121.9025512
PAST SALE,,Single Family Residential,1648 Capitancillos Pl,San Jose,CA,95120,515000,4,3.0,,2665,9057,1985,,193,,,,,http://www.redfin.com/CA/San-Jose/1648-Capitancillos-Pl-95120/home/1479608,,,N,Y,37.2284851,-121.9026624
PAST SALE,April-27-2011,Townhouse,6007 CALLE DE FELICE,San Jose,CA,95124,455400,2,2.5,San Jose,1360,1220,1977,3325,335,364,Sold,,,http://www.redfin.com/CA/San-Jose/6007-Calle-De-Felice-95124/home/1419482,MLSListings,ML81111206,N,Y,37.227454,-121.906922
PAST SALE,February-28-2006,Townhouse,6037 CALLE DE RICO,San Jose,CA,95124,687000,3,3.5,mantanas de lg,2235,,1985,5209,307,320,Sold,,,http://www.redfin.com/CA/San-Jose/6037-Calle-De-Rico-95124/home/921289,MLSListings,ML80600056,N,Y,37.228744,-121.905319
PAST SALE,November-7-2003,Townhouse,6014 CALLE DE FELICE,San Jose,CA,95124,415000,2,2.0,MontdeLosGatos,1200,2040,1986,6053,346,,Sold,,,http://www.redfin.com/CA/San-Jose/6014-Calle-De-Felice-95124/home/1479584,MLSListings,ML80353073,N,Y,37.227032,-121.906394
PAST SALE,December-28-2010,Townhouse,6039 CALLE DE RICO,San Jose,CA,95124,569000,3,2.5,San Jose,2235,1840,1975,3445,255,297,Sold,,,http://www.redfin.com/CA/San-Jose/6039-Calle-De-Rico-95124/home/1781090,MLSListings,ML81058336,N,Y,37.228744,-121.905319
PAST SALE,May-17-2005,Townhouse,6019 CALLE DE FELICE,San Jose,CA,95124,658000,3,3.5,MONTANAS DE LG,2235,,1988,5496,294,310,Sold,,,http://www.redfin.com/CA/San-Jose/6019-Calle-De-Felice-95124/home/921349,MLSListings,ML80512628,N,Y,37.227362,-121.906326
PAST SALE,April-4-2016,Townhouse,6062 Calle De Prospero,SAN JOSE,CA,95124,885000,3,3.5,SAN JOSE,2235,2299,1977,1521,396,385,Sold,,,http://www.redfin.com/CA/San-Jose/6062-Calle-De-Prospero-95124/home/1336539,MLSListings,ML81561779,N,Y,37.227843,-121.906585
PAST SALE,July-21-2009,Townhouse,6069 CALLE DE PROSPERO,San Jose,CA,95124,552000,2,3.5,San Jose,2235,2300,1977,3970,247,364,Sold,,,http://www.redfin.com/CA/San-Jose/6069-Calle-De-Prospero-95124/home/1247602,MLSListings,ML80935078,N,Y,37.227832,-121.906969
PAST SALE,October-31-2014,Single Family Residential,1621 MAESUMI Ct,San Jose,CA,95124,1212000,5,2.5,San Jose,2800,5000,2003,2042,433,,Sold,,,http://www.redfin.com/CA/San-Jose/1621-Maesumi-Ct-95124/home/1107340,MLSListings,ML81429788,N,Y,37.226904,-121.904689
PAST SALE,September-14-2007,Single Family Residential,5958 VISTA Loop,San Jose,CA,95124,1199000,4,3.0,San Jose,2941,10019,1985,4646,408,,Sold,,,http://www.redfin.com/CA/San-Jose/5958-Vista-Loop-95124/home/1387723,MLSListings,ML80727041,N,Y,37.2277512,-121.9086862
PAST SALE,September-30-1998,Single Family Residential,5947 VISTA Loop,San Jose,CA,95124,580000,4,2.5,CUSTOM,2904,8165,,7917,200,,Sold,,,http://www.redfin.com/CA/San-Jose/5947-Vista-Loop-95124/home/1756519,MLSListings,ML89834179,N,Y,37.2281255,-121.9095086
PAST SALE,May-31-2012,Condo/Co-op,6044 CALLE DE RICO,San Jose,CA,95124,375000,2,2.0,San Jose,1200,2040,1975,2925,313,364,Sold,,,http://www.redfin.com/CA/San-Jose/6044-Calle-De-Rico-95124/home/1387428,MLSListings,ML81147575,N,Y,37.228208,-121.904748
PAST SALE,May-25-2018,Single Family Residential,1584 Oak Canyon Dr,SAN JOSE,CA,95120,1900000,4,2.5,SAN JOSE,2715,8655,1985,740,700,,Sold,,,http://www.redfin.com/CA/San-Jose/1584-Oak-Canyon-Dr-95120/home/1729943,MLSListings,ML81702610,N,Y,37.2289148,-121.9024845
PAST SALE,April-20-2016,Townhouse,6074 Calle de Amor,SAN JOSE,CA,95124,885000,3,3.5,SAN JOSE,2235,,1977,1505,396,390,Sold,,,http://www.redfin.com/CA/San-Jose/6074-Calle-De-Amor-95124/home/1131947,MLSListings,ML81564909,N,Y,37.228008,-121.90608
PAST SALE,February-11-2010,Single Family Residential,5982 VISTA Loop,San Jose,CA,95124,968000,5,3.5,San Jose,3850,11060,1975,3765,251,,Sold,,,http://www.redfin.com/CA/San-Jose/5982-Vista-Loop-95124/home/1100624,MLSListings,ML80952500,N,Y,37.2270444,-121.9082194
PAST SALE,,Single Family Residential,6055 Guadalupe Mines Rd,San Jose,CA,95120,1000000,3,2.0,,2317,27871,1937,,432,,,,,http://www.redfin.com/CA/San-Jose/6055-Guadalupe-Mines-Rd-95120/home/775347,,,N,Y,37.2247142,-121.9051964
PAST SALE,March-24-2014,Other,0 GUADALUPE MINES Rd,San Jose,CA,95120,2600000,,,San Jose,,148540,,2263,,,Sold,,,http://www.redfin.com/CA/San-Jose/6021-Guadalupe-Mines-Rd-95120/home/143042301,MLSListings,ML81333804,N,Y,37.22519,-121.9045383
PAST SALE,April-19-2004,Single Family Residential,1618 MAESUMI Ct,San Jose,CA,95124,840000,4,3.0,San Jose,2871,6401,2016,5889,293,113,Sold,,,http://www.redfin.com/CA/San-Jose/1618-Maesumi-Ct-95124/home/1720326,MLSListings,ML80372495,N,Y,37.227,-121.9043517
PAST SALE,,Single Family Residential,1654 Hyacinth Ln,San Jose,CA,95124,244000,4,2.0,,1282,6827,1963,,190,,,,,http://www.redfin.com/CA/San-Jose/1654-Hyacinth-Ln-95124/home/1626053,,,N,Y,37.2292014,-121.9075526
PAST SALE,,Single Family Residential,5934 Hosta Ln,San Jose,CA,95124,342000,4,3.0,,1971,9680,1967,,174,,,,,http://www.redfin.com/CA/San-Jose/5934-Hosta-Ln-95124/home/917859,,,N,Y,37.2284825,-121.9070636
PAST SALE,,Condo/Co-op,6047 Calle De Rico,San Jose,CA,95124,158500,2,3.0,,2235,,1975,,71,,,,,http://www.redfin.com/CA/San-Jose/6047-Calle-De-Rico-95124/home/1758638,,,N,Y,37.228744,-121.905319
PAST SALE,November-15-2006,Townhouse,6067 CALLE DE PROSPERO,San Jose,CA,95124,645000,3,2.5,San Jose,2235,,1986,4949,289,320,Sold,,,http://www.redfin.com/CA/San-Jose/6067-Calle-De-Prospero-95124/home/717401,MLSListings,ML80664053,N,Y,37.227832,-121.906969
PAST SALE,March-26-2004,Townhouse,6053 CALLE DE RICO,San Jose,CA,95124,455000,2,2.0,MONTANAS DE LG,1200,2040,1987,5913,379,304,Sold,,,http://www.redfin.com/CA/San-Jose/6053-Calle-De-Rico-95124/home/1570583,MLSListings,ML80379776,N,Y,37.2277929,-121.9051105
PAST SALE,December-8-2014,Single Family Residential,16731 HICKS Rd,Los Gatos,CA,95032,1218750,4,2.0,Los Gatos,1800,29155,1970,2004,677,,Sold,,,http://www.redfin.com/CA/Los-Gatos/16731-Hicks-Rd-95032/home/1434896,MLSListings,ML81428559,N,Y,37.2258319,-121.9065523
PAST SALE,October-21-2003,Townhouse,6050 CALLE DE RICO,San Jose,CA,95124,395000,2,2.0,San Jose,1200,,1989,6070,329,288,Sold,,,http://www.redfin.com/CA/San-Jose/6050-Calle-De-Rico-95124/home/1217669,MLSListings,ML80349539,N,Y,37.228235,-121.9048191
PAST SALE,,Condo/Co-op,6088 Calle De Amor,San Jose,CA,95124,254000,2,4.0,,2235,,1977,,114,,,,,http://www.redfin.com/CA/San-Jose/6088-Calle-De-Amor-95124/home/653846,,,N,Y,37.228328,-121.905867
PAST SALE,May-26-2017,Townhouse,6003 Calle De Felice,SAN JOSE,CA,95124,811000,2,2.0,SAN JOSE,1200,2040,1977,1104,676,400,Sold,,,http://www.redfin.com/CA/San-Jose/6003-Calle-De-Felice-95124/home/920216,MLSListings,ML81650433,N,Y,37.227454,-121.906922
PAST SALE,May-19-2017,Townhouse,6073 Calle De Amor,SAN JOSE,CA,95124,790000,2,2.5,SAN JOSE,1490,2300,1977,1111,530,400,Sold,,,http://www.redfin.com/CA/San-Jose/6073-Calle-De-Amor-95124/home/920966,MLSListings,ML81646122,N,Y,37.228313,-121.906426
PAST SALE,June-25-2013,Single Family Residential,16721 HICKS Rd,Los Gatos,CA,95032,1765000,5,6.0,Los Gatos,4027,8700,2005,2535,438,,Sold,,,http://www.redfin.com/CA/Los-Gatos/16721-Hicks-Rd-95032/home/918108,MLSListings,ML81313247,N,Y,37.2258002,-121.9062189
PAST SALE,February-20-2013,Single Family Residential,16761 HICKS Rd,Los Gatos,CA,95032,700000,1,1.0,Los Gatos,588,65340,1920,2660,1190,,Sold,,,http://www.redfin.com/CA/Los-Gatos/16761-Hicks-Rd-95032/home/917889,MLSListings,ML81241441,N,Y,37.2249358,-121.9075637
PAST SALE,October-23-2012,Single Family Residential,6063 RIDING Ct,San Jose,CA,95124,797000,4,2.5,San Jose,2430,7000,1976,2780,328,,Sold,,,http://www.redfin.com/CA/San-Jose/6063-Riding-Ct-95124/home/920160,MLSListings,ML81227519,N,Y,37.2265286,-121.9061745
PAST SALE,,Single Family Residential,1588 Oak Canyon Dr,San Jose,CA,95120,417000,4,2.0,,2312,8896,1985,,180,,,,,http://www.redfin.com/CA/San-Jose/1588-Oak-Canyon-Dr-95120/home/1267558,,,N,Y,37.2289356,-121.902729
PAST SALE,,Single Family Residential,1580 Oak Canyon Dr,San Jose,CA,95120,385000,4,3.0,,2665,9143,1985,,144,,,,,http://www.redfin.com/CA/San-Jose/1580-Oak-Canyon-Dr-95120/home/1730399,,,N,Y,37.2288686,-121.9022622
PAST SALE,November-3-2011,Single Family Residential,6078 RIDING Ct,San Jose,CA,95124,900000,4,2.5,San Jose,2361,9202,1976,3135,381,,Sold,,,http://www.redfin.com/CA/San-Jose/6078-Riding-Ct-95124/home/1743453,MLSListings,ML81140426,N,Y,37.2261907,-121.9054187
PAST SALE,,Single Family Residential,5993 Vista Loop,San Jose,CA,95124,440000,4,3.0,,3090,11837,1966,,142,,,,,http://www.redfin.com/CA/San-Jose/5993-Vista-Loop-95124/home/917835,,,N,Y,37.2265646,-121.907686
PAST SALE,,Single Family Residential,6001 Vista Loop,San Jose,CA,95124,479000,4,3.0,,2358,10822,1978,,203,,,,,http://www.redfin.com/CA/San-Jose/6001-Vista-Loop-95124/home/1431149,,,N,Y,37.2266736,-121.9071969
PAST SALE,,Single Family Residential,6068 Marla Ct,San Jose,CA,95124,380000,4,3.0,,2430,6628,1976,,156,,,,,http://www.redfin.com/CA/San-Jose/6068-Marla-Ct-95124/home/920174,,,N,Y,37.22684,-121.9048852
PAST SALE,May-26-2017,Townhouse,6058 Calle De Rico,SAN JOSE,CA,95124,730000,2,2.0,SAN JOSE,1200,2040,1975,1104,608,400,Sold,,,http://www.redfin.com/CA/San-Jose/6058-Calle-De-Rico-95124/home/1387835,MLSListings,ML81647942,N,Y,37.2277222,-121.9046518
PAST SALE,March-27-2012,Condo/Co-op,6027 CALLE DE SUERTE,San Jose,CA,95124,475000,3,3.5,San Jose,2235,435,1975,2990,213,370,Sold,,,http://www.redfin.com/CA/San-Jose/6027-Calle-De-Suerte-95124/home/920146,MLSListings,ML81118020,N,Y,37.227289,-121.905759
PAST SALE,February-28-2020,Single Family Residential,5913 Hosta Ln,SAN JOSE,CA,95124,1720000,4,2.0,SAN JOSE,2134,13778,1975,96,806,,Sold,,,http://www.redfin.com/CA/San-Jose/5913-Hosta-Ln-95124/home/1503476,MLSListings,ML81781858,N,Y,37.2289246,-121.907597
PAST SALE,July-15-2003,Townhouse,6096 CALLE DE AMOR,San Jose,CA,95124,410000,2,2.5,MONTANAS DE L.G.,1490,,,6168,275,288,Sold,,,http://www.redfin.com/CA/San-Jose/6096-Calle-De-Amor-95124/home/1100637,MLSListings,ML80328971,N,Y,37.228713,-121.905797
PAST SALE,,Condo/Co-op,6079 Calle De Amor,San Jose,CA,95124,69700,2,3.0,,1490,,1977,,47,,,,,http://www.redfin.com/CA/San-Jose/6079-Calle-De-Amor-95124/home/1496929,,,N,Y,37.228313,-121.906426
PAST SALE,May-5-2016,Single Family Residential,1664 Capitancillos Pl,SAN JOSE,CA,95120,1630000,5,3.0,SAN JOSE,2924,7000,1985,1490,557,,Sold,,,http://www.redfin.com/CA/San-Jose/1664-Capitancillos-Pl-95120/home/1091240,MLSListings,ML81577368,N,Y,37.2277359,-121.9024623
PAST SALE,June-23-1998,Single Family Residential,1519 MONTEVAL Pl,San Jose,CA,95120,549900,4,2.5,OAK CANYON,2527,7400,,8016,218,,Sold,,,http://www.redfin.com/CA/San-Jose/1519-Monteval-Pl-95120/home/1503569,MLSListings,ML89819200,N,Y,37.2280417,-121.9021956
PAST SALE,October-23-2000,Single Family Residential,5951 VISTA Loop,San Jose,CA,95124,810000,3,2.5,San Jose,2557,8000,,7163,317,,Sold,,,http://www.redfin.com/CA/San-Jose/5951-Vista-Loop-95124/home/1421615,MLSListings,ML80039918,N,Y,37.2278997,-121.9095086
PAST SALE,,Single Family Residential,1658 Hyacinth Ln,San Jose,CA,95124,19000,4,2.0,,1282,13370,1963,,15,,,,,http://www.redfin.com/CA/San-Jose/1658-Hyacinth-Ln-95124/home/917825,,,N,Y,37.2293449,-121.9079527
PAST SALE,,Single Family Residential,5948 Vista Loop,San Jose,CA,95124,494000,5,4.0,,3904,36322,1954,,127,,,,,http://www.redfin.com/CA/San-Jose/5948-Vista-Loop-95124/home/1729920,,,N,Y,37.2280084,-121.9083306
PAST SALE,,Single Family Residential,5969 Vista Loop,San Jose,CA,95124,660000,3,3.0,,3028,49222,1980,,218,,,,,http://www.redfin.com/CA/San-Jose/5969-Vista-Loop-95124/home/628955,,,N,Y,37.2263323,-121.9094642
PAST SALE,April-4-2014,Townhouse,6034 CALLE DE SUERTE,San Jose,CA,95124,700000,3,3.0,San Jose,2235,,1975,2252,313,375,Sold,,,http://www.redfin.com/CA/San-Jose/6034-Calle-De-Suerte-95124/home/833543,MLSListings,ML81404362,N,Y,37.227434,-121.90538
PAST SALE,,Single Family Residential,6081 Riding Ct,San Jose,CA,95124,889000,4,3.0,,2430,6420,1976,,366,,,,,http://www.redfin.com/CA/San-Jose/6081-Riding-Ct-95124/home/1553396,,,N,Y,37.226099,-121.906429
PAST SALE,September-10-2003,Single Family Residential,6051 VISTA Loop,San Jose,CA,95124,785000,4,2.5,San Jose,2521,8052,,6111,311,,Sold,,,http://www.redfin.com/CA/San-Jose/6051-Vista-Loop-95124/home/1079033,MLSListings,ML80332026,N,Y,37.2264086,-121.9065746
PAST SALE,,Condo/Co-op,6097 Calle De Amor,San Jose,CA,95124,135000,2,3.0,,1490,,1977,,91,,,,,http://www.redfin.com/CA/San-Jose/6097-Calle-De-Amor-95124/home/1626248,,,N,Y,37.228719,-121.906212
PAST SALE,March-15-2000,Townhouse,6061 CALLE DE PROSPERO,San Jose,CA,95124,430000,3,3.5,MONTANAS DE LG,2235,2300,1977,7385,192,235,Sold,,,http://www.redfin.com/CA/San-Jose/6061-Calle-De-Prospero-95124/home/890429,MLSListings,ML80000976,N,Y,37.227832,-121.906969
PAST SALE,,Condo/Co-op,6009 Calle De Felice,San Jose,CA,95124,199500,2,2.0,,1200,,1977,,166,,,,,http://www.redfin.com/CA/San-Jose/6009-Calle-De-Felice-95124/home/1779968,,,N,Y,37.227454,-121.906922
PAST SALE,May-2-2017,Condo/Co-op,6082 Calle De Amor,SAN JOSE,CA,95124,859000,3,3.5,SAN JOSE,2235,2300,1977,1128,384,400,Sold,,,http://www.redfin.com/CA/San-Jose/6082-Calle-De-Amor-95124/home/1029336,MLSListings,ML81643425,N,Y,37.228328,-121.905867
PAST SALE,July-30-2008,Condo/Co-op,6100 CALLE DE AMOR,San Jose,CA,95124,560000,2,2.5,San Jose,1490,2300,1977,4326,376,350,Sold,,,http://www.redfin.com/CA/San-Jose/6100-Calle-De-Amor-95124/home/1340450,MLSListings,ML80822197,N,Y,37.228713,-121.905797
PAST SALE,November-4-2015,Townhouse,6075 Calle De Amor,SAN JOSE,CA,95124,655000,2,2.5,SAN JOSE,1490,2300,1977,1673,440,380,Sold,,,http://www.redfin.com/CA/San-Jose/6075-Calle-De-Amor-95124/home/1262075,MLSListings,ML81517909,N,Y,37.228313,-121.906426
PAST SALE,,Single Family Residential,5957 Hosta Ln,San Jose,CA,95124,354000,3,3.0,,2861,13977,1966,,124,,,,,http://www.redfin.com/CA/San-Jose/5957-Hosta-Ln-95124/home/758674,,,N,Y,37.2280178,-121.9077971
PAST SALE,April-20-2018,Single Family Residential,5925 Hosta Ln,SAN JOSE,CA,95124,1810000,4,2.5,SAN JOSE,2271,13881,1975,775,797,,Sold,,,http://www.redfin.com/CA/San-Jose/5925-Hosta-Ln-95124/home/1544433,MLSListings,ML81697103,N,Y,37.2286479,-121.9076415
PAST SALE,September-27-2016,Single Family Residential,6011 Vista Loop,SAN JOSE,CA,95124,1560000,3,2.5,SAN JOSE,2706,89298,1981,1345,576,,Sold,,,http://www.redfin.com/CA/San-Jose/6011-Vista-Loop-95124/home/17293350,MLSListings,ML81593145,N,Y,37.2260116,-121.909153
PAST SALE,July-14-2009,Single Family Residential,5964 VISTA Loop,San Jose,CA,95124,730000,3,2.0,CUSTOM,1627,9576,1971,3977,449,,Sold,,,http://www.redfin.com/CA/San-Jose/5964-Vista-Loop-95124/home/1060333,MLSListings,ML80927498,N,Y,37.2274842,-121.9088863
PAST SALE,March-3-2014,Townhouse,6090 CALLE DE AMOR,San Jose,CA,95124,636500,2,2.5,San Jose,1490,2300,1977,2284,427,375,Sold,,,http://www.redfin.com/CA/San-Jose/6090-Calle-De-Amor-95124/home/921390,MLSListings,ML81401094,N,Y,37.228713,-121.905797
PAST SALE,March-19-1999,Townhouse,6046 CALLE DE RICO,San Jose,CA,95124,291000,2,2.5,MONTANAS DE L.G.,1360,,,7747,214,235,Sold,,,http://www.redfin.com/CA/San-Jose/6046-Calle-De-Rico-95124/home/1302051,MLSListings,ML89905666,N,Y,37.2281533,-121.9048078
PAST SALE,February-26-2007,Townhouse,6098 CALLE DE AMOR,San Jose,CA,95124,585000,2,2.5,Mt de Los Gatos,1490,,1985,4846,393,320,Sold,,,http://www.redfin.com/CA/San-Jose/6098-Calle-De-Amor-95124/home/1481208,MLSListings,ML80700754,N,Y,37.228713,-121.905797
PAST SALE,August-17-2018,Single Family Residential,5947 Hosta Ln,SAN JOSE,CA,95124,1900000,4,2.5,SAN JOSE,2154,14021,1976,656,882,,Sold,,,http://www.redfin.com/CA/San-Jose/5947-Hosta-Ln-95124/home/918067,MLSListings,ML81714900,N,Y,37.2281962,-121.9076415
PAST SALE,August-27-2002,Townhouse,6066 CALLE DE PROSPERO,San Jose,CA,95124,465000,3,3.5,MONTANAS DE L.G.,2235,,,6490,208,240,Sold,,,http://www.redfin.com/CA/San-Jose/6066-Calle-De-Prospero-95124/home/1340440,MLSListings,ML80234221,N,Y,37.2279174,-121.9064936
PAST SALE,May-20-2019,Condo/Co-op,6095 Calle De Amor,SAN JOSE,CA,95124,868000,2,2.5,SAN JOSE,1490,2300,1977,380,583,420,Sold,,,http://www.redfin.com/CA/San-Jose/6095-Calle-De-Amor-95124/home/920205,MLSListings,ML81738811,N,Y,37.228719,-121.906212
PAST SALE,June-28-2019,Single Family Residential,5944 Hosta Ln,SAN JOSE,CA,95124,1715000,5,3.0,SAN JOSE,2835,6565,1981,341,605,,Sold,,,http://www.redfin.com/CA/San-Jose/5944-Hosta-Ln-95124/home/1204753,MLSListings,ML81752222,N,Y,37.2283064,-121.9070858
PAST SALE,October-11-2019,Single Family Residential,1630 Hyacinth Ln,SAN JOSE,CA,95124,1382500,3,2.0,SAN JOSE,1769,8064,1963,236,782,,Sold,,,http://www.redfin.com/CA/San-Jose/1630-Hyacinth-Ln-95124/home/1569561,MLSListings,ML81762151,N,Y,37.2292016,-121.9054187
